858,田村市,イベント情報,復興応援隊,田村市復興応援隊　都路事務所,たむらしふっこうおうえんたい　みやこじじむしょ,37.4363032,140.7951907,,0247-61-5153,963-4701,福島県田村市都路町古道字新町46,,,,平日9：00～17：30
944,伊達市,イベント情報,イベント情報,三浦弥平杯ロードレース大会,みうらやへいはいろーどれーすたいかい,37.8455711,140.6012896,五輪マラソン大会に出場した故三浦弥平の功績をたたえて毎年行われる大会。,024-577-0403,960-0792,伊達市梁川町青葉町1　梁川分庁舎付近,,20161023,2016年10月23日　1日間,
945,伊達市,イベント情報,イベント情報,霊山神社秋季例大祭,れいざんじんじゃしゅうきれいたいさい,37.7990872,140.6464187,地域の獅子舞等の伝統芸能が奉納され、大勢の観光客で賑わう。,024-587-1326,960-0804,伊達市霊山町大石字古屋舘1,,,2016年10月下旬,
946,伊達市,イベント情報,イベント情報,天照神明宮秋季例大祭,てんしょうしんめいぐうしゅうきれいたいさい,37.8218629,140.5551811,神社神輿を先頭に山車が練り歩き、各所で稚児舞が楽しめる。,024-576-3441,960-0612,伊達市保原町字宮下1,,,2016年10月中旬,
947,伊達市,イベント情報,イベント情報,水雲神社例大祭,すいうんじんじゃれいたいさい,37.8214318,140.5223997,伊達政宗の隠れ臼と伝えられる「焼き臼」がご神体。,024-583-5005,960-0501,伊達市伏黒字宮本21,,,2016年11月上旬,
948,伊達市,イベント情報,イベント情報,羽山神社の山車祭,はやまじんじゃのだしさい,37.8771351,140.6636564,各地区から7台の山車が勢ぞろいし、太鼓を打ち鳴らしながら地区内を練り歩く。,024-577-0402,960-0703,伊達市梁川町山舟生地区,,,2016年10月中旬　2日間,
949,伊達市,イベント情報,イベント情報,蓮昌寺十三講会式,れんしょうじじゅうさんこうえしき,37.816182,140.6212253,地元で採れた柿、大根、3色の餅で飾られた高さ3ｍにもなる餅柱を2本奉納する。,024-587-1057,960-0803,伊達市霊山町泉原字方事73,,20161119,2016年11月19日～20日　2日間,
950,伊達市,イベント情報,イベント情報,ほばら産業まつり,ほばらさんぎょうまつり,37.8212491,140.5562171,農作物や特産品の即売のほか、伝統地場産業の真綿製品の品評会・即売会も行われる。,024-575-2284,960-0612,伊達市保原町字宮下111-4,,,2016年11月上旬　2日間,
951,伊達市,イベント情報,イベント情報,だてふるさと産業祭,だてふるさとさんぎょうさい,37.8173914,140.5053525,地元の新鮮な農産物や地元商工会加盟店商品を特価で販売。,024-583-3321,960-0412,伊達市雪車町19　ＪＡんめ～べ,,,2016年11月上旬　2日間,
952,伊達市,イベント情報,イベント情報,霊山紅葉まつり,りょうぜんこうようまつり,37.7550177,140.6867843,霊山登山口で物産展が開かれるほか、りょうぜん紅彩館でイベントも開催される。,024-529-7779,960-0807,伊達市霊山町石田字宝司沢,,,2016年10月下旬～2016年11月上旬,
953,伊達市,イベント情報,イベント情報,やながわふる里秋まつり,やながわふるさとあきまつり,37.8455711,140.6012896,特産品の販売会や、町内団体の参加による各種イベントが行われる。,024-577-2151,960-0792,伊達市梁川町青葉町1,,,2016年11月中旬　2日間,
954,伊達市,イベント情報,イベント情報,お手姫の里秋まつり,おてひめのさとあきまつり,37.7345556,140.6091069,特産品の販売会や、町内団体の参加による各種イベントが行われる。,024-572-2112,960-0692,伊達市月舘町月舘字ウルシ坊19-1,,,2016年11月上旬　2日間,
955,伊達市,イベント情報,イベント情報,保原のニットサンクスフェア,ほばらのにっとさんくすふぇあ,37.8212491,140.5562171,特産のニット製品を工場直販価格（市価の50%～70%ＯＦＦ）で提供するイベント。,024-563-6705,960-0612,伊達市保原町字宮下111-4,,,2016年11月中旬,
956,伊達市,イベント情報,イベント情報,2016梁川冬のニットフェアとうまいものまつり,2016やながわふゆのにっとふぇあとうまいものまつり,37.8552859,140.6019425,「ニットのまち梁川」の魅力を感じさせるイベントです。<br>高品質のニットが産地価格で提供されるほか、うまいものまつりでは産地直送の農産物など、自慢の美味が一同に集います。,024-563-6705,960-0786,伊達市梁川町字南本町35,,,2016年12月上旬　3日間,
957,伊達市,イベント情報,イベント情報,冬のニットフェア,ふゆのにっとふぇあ,37.8147274,140.556234,高品質の純国産ニットを工場直売価格（市価の5割引以下の価格）で販売します。<br>婦人服のほか、紳士物、小物類、毛糸も販売されます。,024-563-6705,960-0671,伊達市保原町字東野崎45-9,,,2017年2月上旬　1日間,
958,伊達市,イベント情報,イベント情報,つつこ引き祭り,つつこびきまつり,37.8182826,140.5503731,「商売繁盛・五穀豊穣・無病息災」を祈って厳島神社で行われる勇壮な祭り。,024-576-4062,960-0629,伊達市保原町字弥生町57-2,,20170305,2017年3月5日（日）　1日間,
959,伊達市,イベント情報,イベント情報,まゆ手工芸展示発表会,まゆしゅこうげいてんじはっぴょうかい,37.8455711,140.6012896,まゆの手工芸品を作りながら伝統を伝えるグループの作品約200点を展示。,024-577-1111,960-0792,伊達市梁川町青葉町1　梁川分庁舎1階,,,2017年3月中旬　約1週間,
960,伊達市,イベント情報,イベント情報,伊達のふる里桜まつり,だてのふるさとさくらまつり,37.8538287,140.6245822,広い園内には約2000本の桜が咲き誇る。,024-577-6100,960-0723,伊達市梁川町内山1,,,2017年4月中旬　約1週間,
961,伊達市,イベント情報,イベント情報,2017梁川春のニットフェア,2017やながわはるのにっとふぇあ,37.8552859,140.6019425,伊達市内の工場で生産された高品質のニット約5000点が産地価格で提供されます。,024-563-6075,960-0786,伊達市梁川町南本町35,,,2017年4月中旬　2日間,
962,伊達市,イベント情報,イベント情報,霊山神社春季例大祭,りょうぜんじんじゃしゅんきれいたいさい,37.7990872,140.6464187,伝統の「濫觴武楽」が奉納され、地区の青年たちが白襷白鉢巻の武者姿で勇壮な舞を見せる。,024-587-1326,960-0804,伊達市霊山町大石字古屋舘1,,20170429,2017年4月29日（土）　1日間,
963,伊達市,イベント情報,イベント情報,愛宕神社例大祭,あたごじんじゃれいたいさい,37.8097912,140.5120232,県指定重要無形民族文化財の「箱崎の獅子舞」が境内で奉納される。,024-583-4633,960-0502,伊達市箱崎字愛宕山1,,20170429,2017年4月29日～30日　2日間,
964,伊達市,イベント情報,イベント情報,霊山新緑まつり,りょうぜんしんりょくまつり,37.7550177,140.6867843,登山者の先着で記念品を配布するほか、地元のうまいものを集めた物産展が開かれる。,024-529-7779,960-0807,伊達市霊山町石田字宝司沢,,,2016年5月上旬　約1週間,
965,伊達市,イベント情報,イベント情報,長岡天王祭,ながおかてんのうさい,37.8184649,140.502371,夕暮れ時に8台の山車が一斉に集まって行われるリズミカルな笛や太鼓の競演が見所です。,024-583-2111,960-0414,伊達市長岡周辺,,20160724,2016年7月24日～25日　2日間(毎年同日),
966,伊達市,イベント情報,イベント情報,ほばらサマーフェスティバル,ほばらさまーふぇすてぃばる,37.8212491,140.5562171,保原中欧公民館前や陣屋通りにて、盆踊りや保原よいとこ踊りなど多彩なイベントを開催します。,024-575-2284,960-0612,伊達市保原町字宮下111-4,,,2016年8月上旬　1日間,
968,伊達市,イベント情報,イベント情報,伊達のふる里夏まつり,だてのふるさとなつまつり,37.8551999,140.6059924,火振り山の火まつりやオラトリオ、踊り流しのイベントが数多く開催されます。,024-577-0057,960-0782,伊達市梁川町中町10,,20160813,2016年8月13日(土)　1日間,
969,伊達市,イベント情報,イベント情報,小手姫の里夏まつり,おてひめのさとなつまつり,37.7392786,140.6134674,納涼盆踊り大会、流灯花火大会が同時開催されます。,024-572-2341,960-0901,伊達市月舘町布川字西原,,,2016年8月中旬,
970,伊達市,イベント情報,イベント情報,第56回伊達ももの里マラソン大会,だい５６かいだてもものさとまらそんたいかい,37.8212491,140.5562171,伊達市の特産品「桃」の季節に行われ、参加賞として桃がもらえる。,024-597-8015,960-0612,伊達市保原町字宮下111-4,,20160828,2016年8月28日(日)　1日間,
1235,三春町,イベント情報,催し,西方水かけ祭り,にしかたみずかけまつり,37.4033209,140.4708635,若者たちがバケツで激しく水をかけ合い、五穀豊穣、無病息災、子孫繁栄を祈願します。,,963-7722,田村郡三春町西方中ノ内３８４,,,毎年1月1日に開催されます。,
1236,三春町,イベント情報,催し,三春だるま市,みはるだるまし,37.4424306,140.4899965,,,,田村郡三春町大町　おまつり道路,,,１月第３日曜日　,
1237,三春町,イベント情報,催し,滝桜開花,たきざくらかいか,37.4076816,140.5000345,,,,三春の滝桜,,,４月中旬から下旬頃　,
1238,三春町,イベント情報,催し,さくら湖マラソン,さくらこまらそん,37.4072548,140.4844346,,,,三春町　さくら湖,,,６月第２日曜日　,
1239,三春町,イベント情報,催し,三春盆踊り,みはるぼんおどり,37.4417306,140.4920965,,,,田村郡三春町大町　おまつり道路,,,８月のお盆に開催されます。,
1240,三春町,イベント情報,催し,みずウォーク三春大会,みずうぉーくみはるたいかい,37.4092098,140.4950917,,,,福島県田村郡三春町滝字吉田　滝の平野外劇場,,,,
1241,三春町,イベント情報,催し,三春大神宮祭礼,みはるだいじんぐうさいれい,37.4380256,140.4858749,,,,三春大神宮,,,１０月「体育の日」前の土曜・日曜　,
1870,白河市,イベント情報,お祭り,ふるさと表郷まつり,ふるさとひょうごうまつり,37.0617599,140.2829199,表郷地域最大規模、地元密着の賑やかな祭り,,,表郷総合運動公園,,,2015年9月下旬　1日間,午前１０時から午後５時
1871,白河市,イベント情報,お祭り,収穫祭　そばまつり,しゅうかくさい　そばまつり,37.0459526,140.2297164,農産物の収穫時期に合わせて開催されるお祭り,,,白河関の森公園,,,2015年10月中旬　1日間,未定
1872,白河市,イベント情報,お祭り,Ｄｅｃｏｒａしらかわ,Ｄｅｃｏｒａしらかわ,37.1273164,140.2128092,白河市の食と職（産業）にスポットをあて開催されるイベント,,,白河市　小峰通り,,,2015年10月上旬　２日間,未定
1873,白河市,イベント情報,お祭り,サンライズひがしフェスティバル,さんらいずひがしふぇすてぃばる,37.1054799,140.3619103,東地域最大規模、地元密着の賑やかな祭りのお祭り ,,,東風の台公園,,,2015年11月上旬　1日間,未定
1874,白河市,イベント情報,お祭り,新そばまつり,しんそばまつり,37.0459526,140.2297164,地元産のそば粉を使用した「新そば」が食べられるイベント,,,白河関の森公園,,,2015年11月上旬　1日間,未定
1875,白河市,イベント情報,お祭り,白河だるま市,しらかわだるまし,37.1282617,140.2111065,市内の目抜き通りを中心に700軒の露店が並び、伝統ある「白河だるま」などが売られます。,,,市内目抜き通り,,20160211,2016年2月11日　1日間,未定
1876,白河市,イベント情報,お祭り,安珍念仏踊り,あんちんねんぶつおどり,37.1428791,140.2379346,歌舞伎の演目「娘道成寺」の伝説で名高い「安珍」の冥福をお祈りするために行なわれている踊り,,,安珍堂（白河市萱根）,,,2016年3月下旬　1日間,未定
1877,白河市,イベント情報,お祭り,関山山開き,せきやまやまびらき,37.0782494,140.248536,うつくしま百名山の中で一番早く開催される山開き,,,福島県白河市関辺関山,,,2016年3月下旬　1日間,未定
1878,白河市,イベント情報,お祭り,かたくり祭り,かたくりまつり,37.0459526,140.2297164,白河関跡に春の訪れを告げる祭り,,,白河関の森公園,,,2016年4月上旬　1日間,未定
1879,白河市,イベント情報,お祭り,白河桜まつり,しらかわざくらまつり,37.1327455,140.2137659,小峰城や城山公園を会場に開催されるさくら祭り,,,小峰城、城山公園,,,2016年4月中旬　1日間,未定
1880,白河市,イベント情報,お祭り,大昭和祭り,だいしょうわまつり,37.1270065,140.2142396,いつの時代もかわらない大切なものを感じてもらうために開催されるお祭り,,,大工町、新蔵町,,20160429,2016年4月29日　1日間,未定
1881,白河市,イベント情報,お祭り,ご当地キャラこども夢フェスタｉｎしらかわ2016,ごとうちきゃらこどもゆめふぇすたｉｎしらかわ２０１６,37.1273164,140.2128092,しらかわんやキビタンなど、県内外のご当地キャラが一堂に会するイベント　復興に向けチャレンジを続けるふくしまを全国に発信します。,,,白河市　小峰通り,,,2016年5月中旬　２日間,未定
1882,白河市,イベント情報,お祭り,天道念仏さんじもさ踊り,てんどうねんぶつさんじもさおどり,37.0839271,140.2609066,田植えを終えた時期に、五穀豊穣を祈り開催される除蝗祭において行なわれている踊り,,,関辺八幡神社,,,2016年7月上旬　1日間,未定
1883,白河市,イベント情報,お祭り,ふるさと川まつりｉｎたいしん,ふるさとかわまつりｉｎたいしん,37.2037715,140.2486334,大信地域最大規模、地元密着の賑やかな祭り,,,大信庁舎駐車場,,,2016年7月下旬　1日間,未定
1884,白河市,イベント情報,お祭り,白河関祭り,しらかわせきまつり,37.1273164,140.2128092,しらかわ伝統芸能フェスティバル、白河関の踊り流し、市民納涼花火大会により構成される、白河の夏の大イベント　,,,城山公園、小峰通り,,,2016年8月上旬　1日間,未定
1885,白河市,イベント情報,お祭り,しらかわ魂,しらかわたましい,37.129656,140.213756,町なかの賑わいを創出するため、その年ごとのテーマを掲げ、白河商工会議所青年部の主催により開催されているイベント　,,,白河駅前イベント広場,,,2016年8月上旬　２日間,未定
1886,白河市,イベント情報,お祭り,白河提灯まつり（隔年）,しらかわちょうちんまつり（かくねん）,37.1228354,140.2365073,神輿の町内渡御や提灯行列、屋台・山車の引き回しなどが町内をあげて盛大に行われる400年の歴史と伝統がある祭り,,,鹿嶋神社他,,,2016年9月中旬　３日間,未定
2699,相馬市,イベント情報,観光案内処,千客万来館,せんきゃくばんらいかん,37.7984462,140.9187669,,0244-26-4848,976-0042,福島県相馬市中村字北町５５－１,,,,
2701,相馬市,イベント情報,スポーツ施設,相馬こどもドーム,そうまこどもどーむ,37.83711531,140.9318899,"屋内スポーツ施設（人工芝フィールド　約1,000㎡）<br><br>※野球やフットサルなどのほか、<br> 種目を問わず利用できます。<br><br>※ボールなどのスポーツ用具も無料で<br>貸し出しできます。<br><br>※用具の持ち込みもできますが、<br> 他の利用者に迷惑となる用具の使用は<br> お断りする場合もあります。<br>",0244-35-4254,976-0005,相馬市光陽４丁目２－５,,,▽個人利用　市内小中学校が休業日（長期休業期間含む）の9時～12時<br>　※専用利用予約が入ってない時間帯は個人利用可（要確認）<br><br>▽専用(団体)利用　上記時間以外<br><br>▽休館日：12月31日、1月1日<br>　※台風などで臨時的に休館する場合もあります<br>,9時～21時<br>※17時以降は専用利用予約のみ
2702,相馬市,イベント情報,スポーツ施設,相馬光陽サッカー場,そうまこうようさっかーじょう,37.8328706,140.9351607,天然芝メインコート　1面<br>天然芝サブコート　2面<br>人工芝コート　2面（うち1面に照明設備あり）<br>練習用コート　1面<br><br>クラブハウス（復興交流支援センター） <br> 　　控室　最大11室（各23㎡） <br> 　　温水シャワー　男女各12ブース <br><br>※災害時は防災拠点施設となります。 <br>,0244-35-0127,976-0005,相馬市光陽３丁目３－１,,,,9時から21時<br>※夜間利用ができるのは人工芝Ｄコート及びクラブハウスのみ <br>
2703,相馬市,イベント情報,スポーツ施設,相馬光陽パークゴルフ場,そうまこうようぱーくごるふじょう,37.83714462,140.9321133,施設<br>▽レストハウス（受付・休憩）<br>▽トイレ3か所（多目的トイレ1か所）<br>▽駐車場129台（マイクロバス2台、障がい者用4台）<br>▽国際パークゴルフ協会公認コース(9コース81ホール)<br><br>料金<br>▽大人500円　▽高校生以下250円<br>用具レンタル料金<br>▽クラブ1本150円　▽ボール1個50円<br>,0244-26-8009,976-0005,相馬市光陽４丁目２－５,,,定休日：12月31日、1月1日,▽3月から10月＝9時から17時<br>▽11月から2月＝9時から16時
2704,相馬市,イベント情報,スポーツ施設,相馬市ソフトボール場,そうましそふとぼーるば,37.83681558,140.9329727,○ソフトボールコート4面（少年野球兼用）<br> 　　両翼・中堅　76.2メートル<br>　　内野＝土<br> 　　外野＝天然芝<br><br>○付属施設　▽ベンチ▽審判員室▽バックネット<br>　　　　　　▽外野フェンス（各面）▽トイレ2カ所<br><br>※多目的交流広場（わいわい広場）を無料で<br>　 ご利用いただけます。<br>,0244-35-4254,976-0005,相馬市光陽４丁目２－５,,,,〇3月から10月＝9時から17時 <br> 〇11月から2月＝9時から16時 <br><br>※ただし、1、2月は芝養生期間のため休場となります。 
2705,相馬市,イベント情報,スポーツ施設,スポーツアリーナそうま,すぽーつありーなそうま,37.7984462,140.9187669,柔・剣道場、弓道場、アリーナ、観覧席、会議室など<br><br>お申込みは、スポーツアリーナそうまに直接お電話ください。<br>（利用日の６か月前から７日までの９：００～１７：１５）,0244-37-2309,976-0042,相馬市中村字北町５５－１,,,休館日：毎月末日（土、日曜日に当たる時は月曜日）、1/1、12/31,９：００～２１：３０
2706,相馬市,イベント情報,スポーツ施設,松川浦スポーツセンター,まつかわうらすぽーつせんたー,37.8040639,140.9672374,○松川浦体育館<br>○松川浦野球場　　１面<br>○相撲道場<br>○松川浦パークゴルフ場　４コース（36ホール）<br><br>お申込みは、松川浦スポーツセンターに直接お電話ください。<br>（使用しようとする日の6カ月前から７日前まで）,0244-36-4355,976-0025,相馬市岩子字長谷地９－１,,,休館日<br>　毎月第２・第４月曜日、1/1、12/31<br>　(ただし、その日が休日のときは、その日後において最も近い休日でない日),○松川浦体育館・会議室<br>　午前9時～午後9時30分<br><br>○松川浦野球場・松川浦パークゴルフ場<br>　3月～10月　午前9時から午後5時 <br>　11月～2月　午前9時から午後4時 <br><br>○相撲道場<br>　午前７時～午後５時
2707,相馬市,イベント情報,スポーツ施設,長友グラウンド,ながともぐらうんど,37.7999072,140.919028,"多目的グラウンド（夜間照明付）<br>　照明使用料　1,400円（1時間／全面）　700円（1時間/半面）<br><br>お申込みは、スポーツアリーナそうまに直接お電話ください。<br>（利用日の３カ月前から当日まで。受付時間　９：００～１７：１５）<br>",0244-37-2309,976-0042,相馬市中村字北町９４－２,,,年中無休,５：００～２１：３０
2708,相馬市,イベント情報,スポーツ施設,黒木多目的広場,くろきたもくてきひろば,37.82114729,140.8947539,芝生場、ゲートボール場、駐車場<br><br>お申込みは、スポーツアリーナそうまにお電話ください。<br>（利用日の１か月前から７日前まで。受付時間　９：００～１７：１５）<br>,0244-37-2309,976-0052,相馬市黒木字芹谷地４６－２,,,休館日：1/1、12/31,８：３０～２１：３０<br>ただし、ゲートボール場は夜間照明なし
2709,相馬市,イベント情報,スポーツ施設,二の丸球場,にのまるきゅうじょう,37.79859419,140.916481,照明使用料　2，000円（1時間）<br>グラウンドの使用料は無料です。<br><br>お申込みは、スポーツアリーナそうまにお電話ください。<br>（利用日の３か月前から当日まで。 受付時間　９：００～１７：１５）,0244-37-2309,976-0042,相馬市中村字北町９６－１,,,年中無休<br>※ただし、照明の利用期間は4月１日～１０月３１日になります。,５：００～２１：３０
2710,相馬市,イベント情報,スポーツ施設,角田公園テニスコート,すみたこうえんてにすこーと,37.80328797,140.9323608,人工芝（砂入り）テニスコート8面（うち6面は夜間照明有）<br><br>受付期間<br>団体でのご利用は使用する日の3日前まで。 個人のご利用は利用当日可。事前に空き状況をご確認ください。<br><br>申し込み先<br>○平日の９時～１４時の当日利用　スポーツアリーナそうま（０２４４－３７－２３０９）<br>○平日の１４時～２１時の当日利用　 角田公園テニスコート管理棟（０２４４－３５－５０９１）<br>○後日利用の予約や休日の当日利用　角田公園テニスコート管理棟（０２４４－３５－５０９１）<br>　※平日の管理棟管理人の勤務時間は１４時からとなりますので、予約などの申請の際はご注意ください。<br>,0244-37-2309,976-0014,相馬市北飯渕１丁目１５－１,,,休館日：年末年始（12月31日～1月1日）,9：00～21：00
2711,相馬市,イベント情報,スポーツ施設,相馬市民プール,そうましみんぷーる,37.79839906,140.9194583,50メートルプール、8コース、幼児プール<br><br>随時受付。専用使用の場合は、事前にご相談ください。 ,0244-37-2278,976-0042,相馬市中村字北町５６－２,,,利用期間　7月18日～8月31日（平成27年度）,利用時間<br>　午前の部　9：00～12：00<br>　午後の部　13：00～16：00<br>　夜間の部　17：00～18：30<br>　※夜間の部実施期間　7月25日～8月16日（平成27年度）
2712,相馬市,イベント情報,市民会館,相馬市民会館,そうましみんかいかん,37.79949055,140.9182256,大ホール、リハーサル室兼多目的ホール、楽屋、和室、練習室、会議室がございます。<br>イベントや行事予定は、URLよりホームページでご確認ください。<br><br>市民会館の施設予約、問い合わせ、ご意見・ご要望については、相馬市民会館までご連絡ください。,0244-35-2426,976-0042,相馬市中村字北町５１－１,,,,
2713,相馬市,イベント情報,みんなの家,相馬こどものみんなの家,そうまこどものみんなのいえ,37.8028322,140.9320082,子育て支援の地域創生拠点施設として、保育士や児童厚生員などが、幼児を対象に遊びの指導を行います。<br>こどもたちの遊びの場、こどもたちを連れてくる家族同士のコミュニティーの場として、どなたでも利用できます。,0244-35-4700,976-0005,相馬市北飯渕１丁目１５－１,,,休館日：月曜日（国民の休日にあたるときは、その翌日）<br>　　　　1月1日から3日<br>　　　　12月29日から31日,開館時間<br>9時から16時
2714,相馬市,イベント情報,展示施設,LVMH子どもアート・メゾン,ＬＶＭＨこどもあーと・めぞん,37.7997603,140.9262301,絵本の閲覧室、相談室、多目的研修室<br>▽20名程度で利用できる簡易キッチン付研修室を無料で貸し出ししています。<br>▽ギャラリーとしても利用可能です。<br><br>お問い合わせ<br>▽LVMH子どもアート・メゾン（電話0244-26-7415）<br>▽教育委員会　生涯学習課（電話0244-37-2187）<br>▽相馬フォロアーチーム（電話0244-35-6200）,0244-26-7415,976-0042,相馬市中村２丁目２－１５,,,休館日：12月29日～1月3日,9時～18時
2715,相馬市,イベント情報,自然公園,松川浦環境公園,まつかわうらかんきょうこうえん,37.8216168,140.9502267,施設<br>▽芝公園(約5、000㎡。自由にご利用ください) <br>▽管理棟、研修棟(利用手続きが必要となります) <br><br>施設利用<br>▽管理棟・研修棟および貸し出し遊具（ボールなど）を利用される方は、管理棟内係員に申し出てください。<br>▽利用料は無料です。 <br>,0244-38-6222,,相馬市尾浜字札ノ沢１９２番地,,,休園日：12月29日～1月3日,開園時間<br>　▽4月～9月＝9時から18時<br>　▽10月～3月＝9時から16時
2804,小野町,イベント情報,イベント,小野町60周年記念小町ふれあいフェスタ,おのまち６０しゅうねんきねん　こまちふれあいふぇすた,37.2868254,140.6262828,小野町の合併６０周年記念事業「小町ふれあいフェスタ」は３１日、１１月１日の両日、町内の小野運動公園で開かれる。<br>　実行委員会の主催。６０周年を機に誕生した町のイメージキャラクター「小桜（こざくら）ちゃん」の着ぐるみをお披露目する。<br>３１日は福島ファイヤーボンズのチアリーダーズや小野町観光大使の小野まち子さんらのステージなど、１日は「手裏剣戦隊ニンニンジャー」のショー、みちのくボンガーズのお笑いライブなどを繰り広げる。<br>,0247-72-6938,963-3492,小野町大字小野新町字舘廻92,,,,
2925,川俣町,イベント情報,イベント,ざる菊の里,ざるぎくのさと,37.64240636,140.6161373,"川俣町小綱木地区の村上孝さん宅で、約2,000株のざる菊を栽培しています。<br><br>例年、10月下旬から11月中旬の約1ヵ月間、一般開放します。<br><br>見頃は、10月下旬から11月上旬までです。<br><br>駐車場有り（30台程度）",,,川俣町小綱木字芹の沢7,,20151024,平成27年10月24日（土曜日）から平成27年11月15日（日曜日）まで,午前9時から午後4時まで
2929,浪江町,イベント情報,イベント,十日市祭　民俗芸能披露,とうかまちまつり　みんぞくげいのうひろう,37.5897326,140.433676,東日本大震災と原発事故避難により、継承の危機に直面しながらも伝統とプライドを胸に復活を果たした浪江町内の6団体が集結します。<br>今年度は民俗芸能の枠を拡充して、福島県の民俗芸能の権威でもある懸田弘訓先生からご監修・ご解説を頂きながらステージをお楽しみ頂けます。<br>是非、ご来場ください！,,,二本松市市民交流センター内　特設ステージ,,20151114,,11月14日（土曜日）　　9時45分から大堀の神楽<br>　　　　　　　　 　    12時30分から請戸の田植踊り<br>11月15日（日曜日）　 11時30分から相馬流れ山踊り、浦安の舞、室原の神楽、南津島の神楽七芸
2984,伊達市,イベント情報,イベント情報,陣屋通りイルミネーション,じんやどおりいるみねーしょん,37.820814,140.55655,冬の風物詩として地元の人々から愛される陣屋通りのイルミネーション。,024-575-2284,960-0612,福島県伊達市保原町字宮下,,20151128,2016年11月下旬～2017年1月31日　約2カ月間<br>,17：00～24：00※クリスマス期間・大晦日・元日は朝まで点灯<br>
2985,伊達市,イベント情報,イベント情報,保原ニットバースデーフェア,ほばらにっとばーすでーふぇあ,37.8211657,140.5562327,高品質のニットが産地価格で提供されるニットの魅力満載のイベントです。,024-563-6705,960-0612,福島県伊達市保原町宮下111-4,,,未定,
2986,伊達市,イベント情報,イベント情報,ＪＡまつり,じぇいえーまつり,37.7905719,140.5945377,採れたて野菜の即売会や抽選会などが賑やかに行われます。,024-586-1541,960-0801,福島県伊達市霊山町掛田字高田21-1,,,2016年11月上旬,
2987,伊達市,イベント情報,イベント情報,高子二十境巡り,たかこにじゅっきょうめぐり,37.8057255,140.5222821,高子沼周辺や高子二十境巡りウォーキングコースを歩きます。参加自由、当日受付となっており、参加費は無料です。,024-576-6317,960-0684,福島県伊達市保原町上保原字新溜井,,,2016年9月中旬,
2998,伊達市,イベント情報,イベント情報,広瀬大通りイルミネーション,ひろせおおどおりいるみねーしょん,37.8464194,140.6020606,梁川町のメインストリートである広瀬大通りの街路樹にイルミネーションを設置しています。<br>,024-577-0251,960-0756,福島県伊達市梁川町五反田,,,2016年12月6日～2016年1月31日,17:00～23:30頃まで
3000,楢葉町,イベント情報,イベント,しおかぜ荘の日帰り入浴回数券販売,しおかぜそう,37.26938211,141.0150146,　先日リニューアルオープンを迎えた、天神岬温泉しおかぜ荘では皆さまのご要望にお応えして、回数券の販売を開始しています。<br><br>　回数券では、通常１枚７００円のところ→６枚綴り３，５００円で販売中です。１枚ずつ購入いただくよりも、７００円分お得に入浴することができます！！<br><br>　この機会に回数券を購入して、お得に温泉をお楽しみください。,0240-25-5726,979-0604,楢葉町大字北田字上ノ原27-29,,,,１０：００から２１：００（温泉入浴最終受付２０：３０）<br>※毎週木曜日は風呂掃除のため１６：００から２１：００<br>※年２回点検のため休館あり
3128,田村市,イベント情報,スポーツ,都路行政区対抗インディアカ大会,みやこじぎょうせいくたいこういんでぃあかたいかい,37.4379713,140.7942742,,0247-75-2063,963-4701,田村市都路町古道　都路体育館,,,,
3164,福島市,イベント情報,子育て,ままカフェ＠ふくしま,ままかふぇあっとふくしま,37.76321419,140.463354,ままカフェは避難先から戻ってきたママ達の居場所です。<br>「ふくしまに戻ったときに、<br>様々な悩みを安心して話せる場所があったらいいなをカタチにしました」<br><br>避難先から戻ってきたけど、福島での生活・・・みんなはどうしているのかな？？？<br>☆子どもの運動不足が心配されているけど子どもの遊び場ってどうしてる？<br>☆食材はどうやって選んでいる？放射能も心配だけど添加物も心配だよね・・・。<br>☆ママ友に放射線の話をしたら心配しすぎ！って思われるかな・・・。　<br>ままカフェではこんな話題が出ています。　<br>ゆっくりお茶を飲みながらのんびり話したり・・・じっくりお話することもできます。<br>その日の気分で、自由に時間を過ごしていただけます。避難中のママの参加もできます。<br><br>日時：毎月第4金曜日　10時～12時<br>場所：福島市保健福祉センター　3階和室　（福島市森合町10－1）<br>参加費：無料（お菓子と飲み物200円・お持ち込みもOKです）<br>その他：事前申し込みは不要です<br>お子さんと一緒に参加の方はお子さんの飲み物とお菓子は各自でご準備ください<br>問合せ先：024－573－0150　ふくしま子ども支援センター<br>,024-573-0150（ふくしま子ども支援センター）,,,,,,
3227,二本松市,イベント情報,,二本松シティＷｉ－Ｆｉ,ニホンマツシティワイファイ,37.58474993,140.4311326,　二本松市では、無料でインターネットを利用できる無線ＬＡＮ『二本松シティＷｉ－Ｆｉ』のサービスを開始しました。<br>　スマートフォンやタブレットなどで登録をすれば、どの端末からでも利用することができます。<br><br>【設置箇所　提供開始３月～】<br>◎市民交流センター<br>　・１階ＥＶホール～テナントブース付近<br>　・２階みんなの広場付近<br>◎県立霞ヶ城公園<br>　・箕輪門付近、三の丸跡地付近<br>◎市役所本庁舎<br>　・１階市民ホール付近<br>◎安達支所<br>・１階入口ホール付近<br>◎岩代支所<br>　・１階入口ホール付近<br>◎東和支所<br>　・１階入口ホール付近<br>【設置箇所　提供開始４月～】<br>（国・県による設置）<br>◎道の駅「安達」智恵子の里(上・下線)<br>◎道の駅さくらの郷<br>◎道の駅ふくしま東和<br>,0243-23-1111,964-8601,二本松市金色４０３－１,,,,
3235,いわき市,イベント情報,イベント,第3回WBSC U-15 ベースボールワールドカップ2016 in いわき,,37.0178691,140.860591,　世界野球・ソフトボール連盟（WBSC）の主催により、隔年で開催される、15歳以下の各国・地域代表選手で競われる野球の国際大会。日本での開催は初めてであり、今回の開催で3回目を数える。<br><br><参加国>12か国<br><br><会場><br>いわきグリーンスタジアム、南部スタジアム、平野球場,0246-22-7032,,いわき市内の野球場,,,2016年7月29日（金）～　8月7日（日）　10日間,
3239,いわき市,イベント情報,,ままカフェ＠いわき,,37.05346897,140.8988847,<br>ままカフェは避難先から戻ってきたママ達の居場所です。<br>「ふくしまに戻ったときに、<br>様々な悩みを安心して話せる場所があったらいいなをカタチにしました」<br><br>避難先から戻ってきたけど、福島での生活・・・みんなはどうしているのかな？？？<br>☆子どもの運動不足が心配されているけど子どもの遊び場ってどうしてる？<br>☆食材はどうやって選んでいる？放射能も心配だけど添加物も心配だよね・・・。<br>☆ママ友に放射線の話をしたら心配しすぎ！って思われるかな・・・。　<br>ままカフェではこんな話題が出ています。　<br>ゆっくりお茶を飲みながらのんびり話したり・・・じっくりお話することもできます。<br>その日の気分で、自由に時間を過ごしていただけます。避難中のママの参加もできます。<br><br>日時：毎月第4火曜日　10時～12時<br>場所：チャイルドトータルサポートサービスWendyいわき　（いわき市平字正内町45-６）<br>参加費：無料（お菓子と飲み物200円・お持ち込みもOKです）<br>その他：事前申し込みは不要です<br>お子さんと一緒に参加の方はお子さんの飲み物とお菓子は各自でご準備ください<br>問合せ先：024－573－0150　ふくしま子ども支援センター,024-573-0150（ふくしま子ども支援センター）,,,,　　　　　　　,,
3251,福島市,イベント情報,子育て支援,清水学習センター　図書室,しみずがくしゅうせんたー　としょしつ,37.78094722,140.4568112,学習センター内の図書室では乳幼児から<br>小学生までのお子さんを対象とした活動を行っています<br>定期活動以外にもイベントを予定しております<br>親子で参加してみてはいかがですか？<br><br>☆おひざにだっこのおはなし会☆<br>【日　時】　毎月第３木曜日　１０：３０～<br>【対　象】　３歳までの乳幼児と保護者<br>【内　容】　絵本の読み聞かせ、てあそび、わらべうたなどで楽しい時をすごします<br><br>★おはなしポケット★<br>【日　時】　毎月第３土曜日　１４：００～<br>【対　象】　４歳から小学生まで<br>【内　容】　絵本・紙芝居の読み聞かせやブックトークなどをおこないます,024-557-7400（図書室担当者）,960-8252,福島市御山字松川原５－１,,,,
3252,福島市,イベント情報,子育て支援,もちずり学習センター　図書室,もちずりがくしゅうせんたー　としょしつ,37.7728333,140.5003211,学習センター内の図書室では乳幼児から<br>小学生までのお子さんを対象とした活動を行っています<br>定期活動以外にもイベントを予定しております<br>親子で参加してみてはいかがですか？<br><br>☆おひざにだっこのおはなし会☆<br>【日　時】　毎月第２水曜日　１０：３０～<br>【対　象】　３歳までの乳幼児と保護者<br>【内　容】　絵本の読み聞かせ、てあそび、わらべうたなどで楽しい時をすごします<br><br>★おはなしバスケット★<br>【日　時】　毎月第４土曜日　１４：００～<br>【対　象】　４歳から小学生まで<br>【内　容】　毎回テーマを設定し、絵本の読み聞かせや工作をおこないます,024-534-2470（図書室担当）,960-8204,福島市岡部字高畑４６,,,,
3254,福島市,イベント情報,子育て支援,飯坂学習センター　図書室,いいざかがくしゅうせんたー　としょしつ,37.82739124,140.4471534,学習センター内の図書室では乳幼児から<br>小学生までのお子さんを対象とした活動を行っています<br>定期活動以外にもイベントを予定しております<br>親子で参加してみてはいかがですか？<br><br>☆おひざにだっこのおはなし会☆<br>【日　時】　毎月第２木曜日　１０：３０～<br>【対　象】　３歳までの乳幼児と保護者<br>【内　容】　絵本の読み聞かせ、てあそび、わらべうたなどで楽しい時をすごします<br><br>★おはなしひろば★<br>【日　時】　毎月第１土曜日　１１：００～<br>【対　象】　４歳から小学生まで<br>【内　容】　毎回テーマを設定し、絵本の紹介や読み聞かせをおこないます,024-531-6551（図書室担当者）,960-9291,福島市飯坂字銀杏６－１１,,,,
3255,福島市,イベント情報,子育て支援,北信学習センター　図書室,ほくしんがくしゅうせんたー　としょしつ,37.79657175,140.4793078,学習センター内の図書室では乳幼児から<br>小学生までのお子さんを対象とした活動を行っています<br>定期活動以外にもイベントを予定しております<br>親子で参加してみてはいかがですか？<br><br>☆おひざにだっこのおはなし会☆<br>【日　時】　毎月第１水曜日　１０：３０～<br>【対　象】　３歳までの乳幼児と保護者<br>【内　容】　絵本の読み聞かせ、てあそび、わらべうたなどで楽しい時をすごします<br><br>★おはなしのとびら★<br>【日　時】　毎月第２土曜日　１４：００～<br>【対　象】　４歳から小学生まで<br>【内　容】　毎回テーマを設定し、絵本の読み聞かせや工作をおこないます,024-544-1115（図書室担当者）,960-0102,福島市鎌田字中江１,,,,
3256,福島市,イベント情報,子育て支援,"吾妻学習センター　図書室			",あづまがくしゅうせんたー　としょしつ,37.76011442,140.4194677,学習センター内の図書室では乳幼児から<br>小学生までのお子さんを対象とした活動を行っています<br>定期活動以外にもイベントを予定しております<br>親子で参加してみてはいかがですか？<br><br>☆おひざにだっこのおはなし会☆<br>【日　時】　毎月第４木曜日　１０：３０～<br>【対　象】　３歳までの乳幼児と保護者<br>【内　容】　絵本の読み聞かせ、てあそび、わらべうたなどで楽しい時をすごします<br><br>★おはなしのにじ★<br>【日　時】　毎月第３土曜日　１０：３０～<br>【対　象】　４歳から小学生まで<br>【内　容】　毎回テーマを設定し絵本の読み聞かせ・紙芝居などをおこないます,024-526-3353（図書室担当）,960-8057,福島市笹木野字折杉４１－１,,,,
3257,福島市,イベント情報,子育て支援,"蓬莱学習センター　図書室			",ほうらいがくしゅうせんたー　としょしつ,37.6982786,140.4728732,学習センター内の図書室では乳幼児から<br>小学生までのお子さんを対象とした活動を行っています<br>定期活動以外にもイベントを予定しております<br>親子で参加してみてはいかがですか？<br><br>☆おひざにだっこのおはなし会☆<br>【日　時】　毎月第４木曜日　１０：３０～<br>【対　象】　３歳までの乳幼児と保護者<br>【内　容】　絵本の読み聞かせ、てあそび、わらべうたなどで楽しい時をすごします<br><br>★おはなしのくれよん★<br>【日　時】　毎月第２土曜日　１０：３０～<br>【対　象】　４歳から小学生まで<br>【内　容】　毎回テーマを設定し、絵本の紹介や読み聞かせをおこないます,024-549-1821（図書室担当者）,960-8157,福島市蓬莱四丁目１－２,,,,
3258,福島市,イベント情報,子育て支援,松川学習センター　図書室,まつかわがくしゅうせんたー　としょしつ,37.65828413,140.4681578,学習センター内の図書室では乳幼児から<br>小学生までのお子さんを対象とした活動を行っています<br>定期活動以外にもイベントを予定しております<br>親子で参加してみてはいかがですか？<br><br>☆おひざにだっこのおはなし会☆<br>【日　時】　毎月第１木曜日　１０：３０～<br>【対　象】　３歳までの乳幼児と保護者<br>【内　容】　絵本の読み聞かせ、手遊び、わらべうたなどで楽しい時をすごします<br><br>★おはなしロケット★<br>【日　時】　毎月第１土曜日　１０：３０～<br>【対　象】　４歳から小学生まで<br>【内　容】　毎回テーマを設定し絵本の読み聞かせ・紙芝居・絵本の紹介をおこないます,024-567-2403,960-1241,福島市松川町字杉内３３,,,,
3259,福島市,イベント情報,子育て支援,"こむこむ　子どもライブラリー	",こむこむ　こどもだいぶらりー,37.75212027,140.4606074,　こむこむ館内１階にある『子どもライブラリー』では<br>小学生までのお子さんを対象とした絵本の読み聞かせ<br>などのイベントを開催しています<br>　主に週末開催されるイベントが多くありますので、<br>ご家族みなさまで参加いただけます<br><br>☆おひざにだっこのおはなし会☆<br>【日　時】　毎月第１木曜日　１１：００～<br>　　　　　　毎月第３日曜日　１１：００～<br>【対　象】　３歳までの乳幼児と保護者<br>【内　容】　絵本の読み聞かせ、てあそび、わらべうたなどで楽しい時をすごします<br><br>★４才からのおはなし会★<br>【日　時】　毎月第２日曜日　１４：２０～<br>【対　象】　４才から<br>【内　容】　毎回テーマを設定し、絵本の読み聞かせ・てあそび・わらべうたなどで楽しい時をすごします<br><br>☆小学生からのおはなし会☆<br>【日　時】　毎月第１日曜日　１４：２０～<br>【対　象】　小学生から<br>【内　容】　テーマにそってブックトークや絵本の読み聞かせをします<br><br>※その他月ごとにイベントを開催しております♪　<br>詳細は上記ＵＲＬから福島市ＨＰで、もしくは市政だよりをご覧ください,024-526-4200（福島市子どもライブラリー）,960-8044,福島市早稲町１番１号,,,,
3363,川内村,イベント情報,室内型村民プール,もりたろうプール,もりたろうぷーる,37.33143604,140.8151579,川内村民が待ちに待った川内村室内型村民プール「もりたろープール」のオープンセレモニーが終了し、2016年4月4日から供用が開始いたしました。<br>皆様の来場をお待ちしております。<br><br>●料金：1回使用　一般500円、60歳以上300円、小・中・高校生200円<br>（年間使用券、半年使用券、回数券(12枚)、冬季(12月～3月)使用券があります。）,0240-23-5861,979-1202,川内村大字下川内字宮渡１８－１,,,,9時30分～20時30分　(最終受付19時30分)<br><br>●休館日は毎週火曜日　(その日が休日にあたるのときは、その翌日)
3413,いわき市,イベント情報,,住まいと暮らしの再建相談会（平）,,37.05246917,140.8897984,『住まいと暮らしの再建相談会』を開催します！<br><br>住宅再建や生活再建に関する、あらゆる相談に対応します！<br><br>　市では、一時提供住宅等に入居されている方や震災により生活等への影響があった市民の皆様に対し、ファイナンシャル・プランナー、建築士、住宅金融支援機構及び市が連携して、資金計画や人生設計の総合的なアドバイスをはじめ、住まいづくりのポイント、災害復興住宅融資制度の案内、返済シミュレーションの作成、利用可能な各種支援制度、特例措置の紹介など、あらゆる相談ニーズに対応する「住まいと暮らしの再建相談会」を開催します。　<br><br>1　対象者　　震災により生活への影響があった市民の方<br>　　　　　　（被害の内容・程度は問いません）<br><br>2　日程　　平成28年7月23日（土)、8月6日（土)、9月25日（日）、10月29日（土）、12月17日（土）、平成29年１月21日（土）、2月５日（日）、３月18日（土）<br> 注：個別相談会の開始時間は、午前10時、午後1時、<br> 午後3時です。（所要時間は約90分）<br><br>3　場所　　いわき市文化センター　<br><br>4　定員　　先着9組（要予約）<br><br>5　参加費　 無料<br><br>6　申込方法　 開催日の3日前までに次のいずれかの方法によりお申し込みください。<br><br> 　？電話（電話番号：0246-22-7437）<br><br> 　？メール<br>　     seikatsu-sodankai@city.iwaki.fukushima.jp<br><br> 　？郵送またはファクス（ファクス番号：0246-22-7468）<br> 　<br>    注：メール、郵送またはファクスで申し込みされる場合は、希望日時、氏名、現住所及び被災時の住所、電話番号、り災判定区分、相談内容を記入してください。　　　　　　　　　　　　　　　　　　　　　　　　　　　　　　　　　　<br><br>7　その他　　復興庁による「住まいの復興給付金」の申請相談会も同時開催します。（予約不要）<br>,,,,,,7月23日（土）、８月６日（土）、9月25日（土）、10月29日（土）、12月17日（土）、平成29年１月21日（土）、2月５日（日）、３月18日（土）,個別相談会の開始時間は、午前10時、午後1時、午後3時です。（所要時間は約90分）<br>
3414,いわき市,イベント情報,,住まいと暮らしの再建相談会（小名浜）,,36.95410103,140.8948839,『住まいと暮らしの再建相談会』を開催します！<br><br>住宅再建や生活再建に関する、あらゆる相談に対応します！<br><br>　市では、一時提供住宅等に入居されている方や震災により生活等への影響があった市民の皆様に対し、ファイナンシャル・プランナー、建築士、住宅金融支援機構及び市が連携して、資金計画や人生設計の総合的なアドバイスをはじめ、住まいづくりのポイント、災害復興住宅融資制度の案内、返済シミュレーションの作成、利用可能な各種支援制度、特例措置の紹介など、あらゆる相談ニーズに対応する「住まいと暮らしの再建相談会」を開催します。　<br><br>1　対象者　　震災により生活への影響があった市民の方<br>　　　　　　（被害の内容・程度は問いません）<br><br>2　日程　　平成28年8月20日（土）<br> 注：個別相談会の開始時間は、午前10時、午後1時、<br> 午後3時です。（所要時間は約90分）<br><br>3　場所　　小名浜公民館（小講堂）<br><br>4　定員　　先着9組（要予約）<br><br>5　参加費　 無料<br><br>6　申込方法　 開催日の3日前までに次のいずれかの方法によりお申し込みください。<br><br> 　？電話（電話番号：0246-22-7437）<br><br> 　？メール<br>　     seikatsu-sodankai@city.iwaki.fukushima.jp<br><br> 　？郵送またはファクス（ファクス番号：0246-22-7468）<br> 　<br>    注：メール、郵送またはファクスで申し込みされる場合は、希望日時、氏名、現住所及び被災時の住所、電話番号、り災判定区分、相談内容を記入してください。　　　　　　　　　　　　　　　　　　　　　　　　　　　　　　　　　　<br><br>7　その他　　復興庁による「住まいの復興給付金」の申請相談会も同時開催します。（予約不要）<br>,,,,,20160820,8月20日ー8月20日,個別相談会の開始時間は、午前10時、午後1時、午後3時です。（所要時間は約90分）<br>
3415,いわき市,イベント情報,,住まいと暮らしの再建相談会（勿来）,,36.90651341,140.7924128,『住まいと暮らしの再建相談会』を開催します！<br><br>住宅再建や生活再建に関する、あらゆる相談に対応します！<br><br>　市では、一時提供住宅等に入居されている方や震災により生活等への影響があった市民の皆様に対し、ファイナンシャル・プランナー、建築士、住宅金融支援機構及び市が連携して、資金計画や人生設計の総合的なアドバイスをはじめ、住まいづくりのポイント、災害復興住宅融資制度の案内、返済シミュレーションの作成、利用可能な各種支援制度、特例措置の紹介など、あらゆる相談ニーズに対応する「住まいと暮らしの再建相談会」を開催します。　<br><br>1　対象者　　震災により生活への影響があった市民の方<br>　　　　　　（被害の内容・程度は問いません）<br><br>2　日程　　平成28年11月27日（日）<br> 注：個別相談会の開始時間は、午前10時、午後1時、<br> 午後3時です。（所要時間は約90分）<br><br>3　場所　　勿来市民会館（大会議室）<br><br>4　定員　　先着9組（要予約）<br><br>5　参加費　 無料<br><br>6　申込方法　 開催日の3日前までに次のいずれかの方法によりお申し込みください。<br><br> 　？電話（電話番号：0246-22-7437）<br><br> 　？メール<br>　     seikatsu-sodankai@city.iwaki.fukushima.jp<br><br> 　？郵送またはファクス（ファクス番号：0246-22-7468）<br> 　<br>    注：メール、郵送またはファクスで申し込みされる場合は、希望日時、氏名、現住所及び被災時の住所、電話番号、り災判定区分、相談内容を記入してください。　　　　　　　　　　　　　　　　　　　　　　　　　　　　　　　　　　<br><br>7　その他　　復興庁による「住まいの復興給付金」の申請相談会も同時開催します。（予約不要）<br>,,,,,20161127,11月27日－11月27日,個別相談会の開始時間は、午前10時、午後1時、午後3時です。（所要時間は約90分）<br><br>
3416,いわき市,イベント情報,,住まいと暮らしの再建相談会（小名浜）,,36.95425106,140.8953345,『住まいと暮らしの再建相談会』を開催します！<br><br>住宅再建や生活再建に関する、あらゆる相談に対応します！<br><br>　市では、一時提供住宅等に入居されている方や震災により生活等への影響があった市民の皆様に対し、ファイナンシャル・プランナー、建築士、住宅金融支援機構及び市が連携して、資金計画や人生設計の総合的なアドバイスをはじめ、住まいづくりのポイント、災害復興住宅融資制度の案内、返済シミュレーションの作成、利用可能な各種支援制度、特例措置の紹介など、あらゆる相談ニーズに対応する「住まいと暮らしの再建相談会」を開催します。　<br><br>1　対象者　　震災により生活への影響があった市民の方<br>　　　　　　（被害の内容・程度は問いません）<br><br>2　日程　　平成29年2月25日（土）<br> 注：個別相談会の開始時間は、午前10時、午後1時、<br> 午後3時です。（所要時間は約90分）<br><br>3　場所　　小名浜市民会館（小・中会議室）<br><br>4　定員　　先着9組（要予約）<br><br>5　参加費　 無料<br><br>6　申込方法　 開催日の3日前までに次のいずれかの方法によりお申し込みください。<br><br> 　？電話（電話番号：0246-22-7437）<br><br> 　？メール<br>　     seikatsu-sodankai@city.iwaki.fukushima.jp<br><br> 　？郵送またはファクス（ファクス番号：0246-22-7468）<br> 　<br>    注：メール、郵送またはファクスで申し込みされる場合は、希望日時、氏名、現住所及び被災時の住所、電話番号、り災判定区分、相談内容を記入してください。　　　　　　　　　　　　　　　　　　　　　　　　　　　　　　　　　　<br><br>7　その他　　復興庁による「住まいの復興給付金」の申請相談会も同時開催します。（予約不要）<br>,,,,,20170225,平成29年２月25日－２月25日,個別相談会の開始時間は、午前10時、午後1時、午後3時です。（所要時間は約90分）<br>
3417,伊達市,イベント情報,イベント情報,伊達市合併10周年記念フェスティバルだてな太鼓まつり(第32回霊山太鼓まつり）,だてしがっぺい10しゅうねんきねんふぇすてぃばるだてなたいこまつり（だい32かいりょうぜんたいこまつり）,37.81951989,140.5705794,伊達市内の太鼓団体が集結、2日目は伝統の霊山太鼓祭りを開催。<br>,024-575-1554,960-0634,伊達市保原町大泉字宮脇265,,,,
3418,伊達市,イベント情報,イベント情報,紅谷峠千本桜まつり,べにやとうげせんぼんさくらまつり,37.79804134,140.5692376,多くの桜が咲き誇る千本桜公園。桜の里親も募集しています。<br>,024-575-2111,960-0681,伊達市保原町所沢字東畑100,,,2017年4月上旬～中旬,
3421,葛尾村,イベント情報,,日赤・住民交流会（八幡屋）,にっせきじゅうみんこうりゅうかい（やはたや）,37.41420086,140.4958919,夏も本番となりましたが皆様お変わりなく過ごされていますでしょうか？<br>今年も日赤・住民交流会が八幡屋で開催されます。<br>普段ではなかなか会えない方と、おいしい食事を食べて温泉に入り楽しい１日にしましょう(^_^)<br>参加費は無料となっていますのでお誘い合わせのうえ皆さんでご参加下さい！！,,９６３－７７１３,田村郡三春町柴原字柴原８０－１,,20160830,,午前１０時３０分から<br>
3427,いわき市,イベント情報,,四倉鎮魂・復興花火大会,,37.10411351,140.9921,四倉鎮魂・復興花火大会<br><br>＜日時＞<br>平成28年8月16日（火）<br>イベント等　17時～21時<br>花火:19時30分～20時45分<br><br>＜場所＞<br>四倉海岸<br><br>＜お問い合わせ先＞<br>四倉鎮魂・復興花火大会実行委員会、四倉区長会<br>090-8254-5291<br><br>,090-8254-5291,,四倉海岸,,20160816,,17時～21時
3428,いわき市,イベント情報,,勿来海水浴場,,36.86771476,140.7890357,平成28年5月16日(月)に開催された「第1回いわき市海水浴安全対策会議」において、今年度における市内海水浴場の開設について協議を行い、「安全対策面」、「環境衛生面」、「公共工事等の影響」等について検討し、総合的に判断した結果、平成28年度については「勿来海水浴場」及び「四倉海水浴場」を開設することに決定しました。<br><br>＜開設海水浴場＞<br>勿来海水浴場、四倉海水浴場<br><br>＜開設期間＞<br>平成28年7月16日（土）から8月16日（火）（32日間）<br><br>＜開設時間＞<br>午前9時から午後4時<br><br>＜お問い合わせ＞<br>観光交流室　観光事業課 <br>電話番号：0246-22-7480<br>ファクス番号：0246-22-7581,0246-22-7480,,,,,平成28年7月16日（土）から8月16日（火）,午前9時から午後4時
3429,いわき市,イベント情報,,四倉海水浴場,,37.10416964,140.9919751,平成28年5月16日(月)に開催された「第1回いわき市海水浴安全対策会議」において、今年度における市内海水浴場の開設について協議を行い、「安全対策面」、「環境衛生面」、「公共工事等の影響」等について検討し、総合的に判断した結果、平成28年度については「勿来海水浴場」及び「四倉海水浴場」を開設することに決定しました。<br><br>＜開設海水浴場＞<br>勿来海水浴場、四倉海水浴場<br><br>＜開設期間＞<br>平成28年7月16日（土）から8月16日（火）（32日間）<br><br>＜開設時間＞<br>午前9時から午後4時<br><br>＜お問い合わせ＞<br>観光交流室　観光事業課 <br>電話番号：0246-22-7480<br>ファクス番号：0246-22-7581,0246-22-7480,,,,,,
3430,いわき市,イベント情報,,永崎団地交流会,ながさきだんちこうりゅうかい,36.95014532,140.9296989,毎月第4月曜日の10時～12時に健康体操サロンを実施しております。<br>日頃の運動不足解消に、皆さんで楽しく一緒に運動しませんか？<br><br>日程　　（H28年）7/25、8/29、9/26、10/24、11/28、12/26<br>　　　　　（H29年）1/23、2/27、3/27<br><br>時間　　　10時～12時<br><br>場所　　　永崎団地集会所　※駐車場はありません。<br><br>参加費　　無料<br><br>持参物　　タオルと水分補給の準備<br><br>お問い合わせはこちらまで<br>いわき市社会福祉協議会（小名浜地区協議会）<br>0246-54-2111（小名浜支所代表）<br>内線5246、5247<br>,,970-0315,いわき市永崎字町田2番地の3,,,,
3431,いわき市,イベント情報,,久之浜東団地交流会,ひさのはまひがしだんちこうりゅうかい,37.14831217,140.9958851,久之浜東団地交流会を開催します！<br><br>日時　　　　　　平成28年7月26日（火）<br>　　　　　　　　13時30分～15時30分<br><br>場所　　　　　　久之浜東団地集会所<br><br>内容　　　　　　苔玉作り※限定20名<br><br>参加費　　　　　材料代として100円<br><br>持参物　　　　　はさみ、かぎ編み棒<br><br>お申込み期間　　7月11日～15日まで<br><br>お申込み・問い合わせ先　<br>いわき市社会福祉協議会<br>いわき市復興支援ボランティアセンター<br>0246-38-6631<br>,,979-0333,いわき市久之浜町久之浜字川田23,,,,
3432,いわき市,イベント情報,,四倉南団地交流会,よつくらみなみだんちこうりゅうかい,37.09895648,140.9751034,四倉南団地交流会を開催します！<br>皆さんでお茶を飲みながら交流を深めませんか？<br><br>日時　　平成28年度7月28日（木）<br>　　　　10時～11時30分<br><br>場所　　四倉南団地集会所<br><br>内容　　茶話会<br><br>参加費　無料<br><br>お問い合わせはこちらまで<br>いわき市社会福祉協議会<br>復興支援ボランティアセンター<br>0246-38-6631,,979-0202,いわき市四倉町上仁井田字矢ノ田10-2,,,,
3433,いわき市,イベント情報,,関田団地交流会,せきただんちこうりゅうかい,36.88004129,140.7884967,関田団地交流会を開催します！<br>音楽療法士によるギター生演奏他、懐かしのメロディーで癒されてみませんか？<br><br>日時　　平成28年8月6日（土）<br>　　　　10時～11時30分<br><br>場所　　関田団地集会所<br><br>参加費　無料<br><br>お問い合わせはこちらまで<br>いわき市社会福祉協議会<br>復興支援ボランティアセンター<br>0246-38-6631,,979-0146,いわき市勿来町関田飯ノ辺前3-3,,,,
3463,新地町,イベント情報,イベント情報,復興産業まつり,ふっこうさんぎょうまつり,37.87637124,140.919812,ふるさと復興産業まつりでは、役場前広場などを会場に、様々な芸能の披露や農産物・海産物・特産品の販売などが行われ、大勢の来場者でにぎわいます。,0244-62-2195,979-2792,新地町谷地小屋字樋掛田30,,20161113,1日間,
3541,二本松市,イベント情報,,二本松の夏祭り,にほんまつのなつまつり,37.58144769,140.4286194,夏本番！ということで、二本松でもこれから各地で夏祭りが目白押しです。<br><br>◎亀谷夏祭り　<br>　日時：８月６日（土）午後６時～<br>　会場：亀谷坂露伴亭にて<br>　住所：二本松市亀谷1丁目150-1 <br>　見どころ：キャンドルを使った立体アートの展示、屋台村、浪江焼そば『宝来軒』が特別出店、などなど。<br><br>◎郭内おらほの夏祭り　<br>　日時：８月７日（日）午後５時～<br>　会場：郭内ロータリー田中家具前駐車場にて<br>　住所：二本松市郭内１-４８<br>　見どころ：郭内若連による提灯祭りお囃子演奏、屋台村、子供花火大会、浪江焼そば移動屋台の特別出店、などなど。<br><br>◎本町夏まつり　<br>　日時：８月１１日（木）午後７時～<br>　会場：本町通りにて<br>　住所：二本松市本町1丁目61<br>　見どころ：路上ライブパフォーマンス（お笑い、トランペットなど）、屋台村、浪江町とのコラボ企画（浪江盆踊り大会）、子供向けゲーム、などなど<br><br>◎竹田の花市・根崎の花市　<br>　日時：８月１１日（木）～１２日（金）午後７時～<br>　会場：竹根通りにて<br>　住所：二本松市根崎1丁目7-1<br>　見どころ：ステージイベント（フラダンス、さる劇場など）、子供絵あんどん、お囃子演奏、屋台村、浪江町とのコラボ企画（舞扇会舞踊）、花市、などなど。<br><br>◎智恵子の里安達夏祭り<br>　日時：８月１２日（金）午後６時～<br>　会場：安達支所前駐車場にて<br>　住所：二本松市油井濡石1-2<br>　見どころ：大花火大会、屋台村、ステージイベント、花市、などなど。<br><br>◎いわしろ夏祭り<br>　日時：８月１３日（土）午後４時～<br>　会場：岩代第２体育館前駐車場にて<br>　住所：二本松市小浜字藤町368 <br>　見どころ：大花火大会、屋台村、大声コンテスト、歌謡ショー、抽選会、などなど。<br><br>◎岳温泉仮装盆踊り大会<br>　日時：８月２７日（土）～２８日（日）午後６時～<br>　会場：岳温泉ヒマラヤ大通りにて<br>　住所；二本松市岳温泉1丁目16<br>　見どころ：ヒマラヤ大通りを使った大盆踊り、ＹＯＳＡＫＯＩ演舞、浴衣コンテスト、などなど。,,,,,,,
3549,いわき市,イベント情報,,ゆながや夏まつり,ゆながやなつまつり,37.00480306,140.8400908,,いわき湯本温泉観光協会:0246-42-4322,,上湯長谷公園（いわき市常磐上湯長谷町湯台堂）,,,平成28年８月９日（火）,15時～21時
3550,いわき市,イベント情報,,第３回浜の夏祭り,,37.14765262,141.0017017,　地区サークル等の展示ＰＲ、地区内産の生産・加工品の物産販売の出展のほか、盆踊り及び花火大会を実施します。,久之浜町 浜Cafe 内:090-9537-5551（吉田様）,,久之浜漁港（いわき市久之浜町久之浜）,,,平成28年８月11日（木）,13時～20時30分
3551,いわき市,イベント情報,,フラのまちオンステージ～フラ女将と仲間たち～,,37.00906547,140.8461527,　フラのまち「いわき湯本温泉」ならではのフラ女将による「着物deフラ」と、地区のフラ教室の皆さんによるフラダンスのステージです。温泉地でフラな一時をお楽しみください！,「フラのまち宣言」推進委員会事務局(いわき市常磐支所市民課):0246-43-2111,,鶴の足湯広場（いわき市常磐湯本町三函）,,,平成28年８月11日（木）,20時～20時30分
3552,いわき市,イベント情報,,第62回いわき回転やぐら　前夜祭,,37.03570578,140.8553571,　常磐炭鉱の時代から続く内郷の夏の風物詩「いわき回転やぐら」。前夜祭では、渡辺俊美（TOKYO No.1 SOUL SET・猪苗代湖ズ）、凛音、アベマンセイ、Night Art、Seaside Sisters、アストロボンバーズ 、小沼寿恵等の見所満載の震災復興”絆”ステージをお楽しみください。,内郷商工会:0246-26-1256,,JR内郷駅前広場(いわき市内郷綴町榎下12),,,平成28年８月13日（土）,13時～21時
3553,いわき市,イベント情報,,第62回いわき回転やぐら盆踊り大会,,37.03568051,140.8554096,　常磐炭鉱の時代から続く内郷の夏の風物詩「いわき回転やぐら」。今年、回転櫓が29年振りに新しく生まれ変わります。<br>　14日は、内郷下綴青年会、宮小学校児童によるじゃんがら奉納、オープニングセレモニーのあと、17:30から全員で踊り始める「総踊り」が始まります。,内郷商工会:0246-26-1256,,JR内郷駅前広場(いわき市内郷綴町榎下12),,,平成28年８月14日（日）～15日（月）,16時～21時（15日は17時30分～21時）
3554,大熊町,イベント情報,,男塾(おとこじゅく),,37.48988897,139.9280065,内　　容：蒔絵（まきえ）体験(内容変更になる場合があります)<br>開催場所：おおくまサロンゆっくりすっぺ(大熊町役場会津若松出張所内)<br>対　　象：60歳以上の男性<br>定　　員：20人（先着順）<br>費　　用：500円<br>持 ち 物：汚れてもいい服装、水分<br>申込期限：8月12日(金)まで電話にて<br>問 合 せ：大熊町役場会津若松出張所<br>申し込み：福祉課健康介護係(渡辺・新田),0120-26-3844,965-0873,会津若松市追手町2-41,,20160819,,9:30～11:30
3555,いわき市,イベント情報,,海嶽寺盆踊り大会,,37.10490928,140.9822363,　盆踊りのほか、四倉アーカイブスによる昭和30年代のよつくらを上映します。15日はヨツクラムジカヘッズによる四倉音頭も実施します。,海嶽寺:0246-32-2751,,海嶽寺(いわき市四倉町梅ヶ丘119-１),,,平成28年８月14日（日）～15日（月）,18時～21時
3556,いわき市,イベント情報,,じゃんがら念仏踊大会,,37.03672176,140.7074394,遠野地区のじゃんがら念仏踊の保存団体が一堂に会し念仏踊りを繰り広げます。楽しいくじ引きなどのイベントもあります。,遠野町商工会:0246-89-2174,,入遠野小学校(いわき市遠野町入遠野字前田142),,,平成28年８月15日（月）,18時15分～21時
3557,大熊町,イベント情報,,のほほんクラブ,,37.48989757,139.928028,内　　容：蒔絵（まきえ）体験(内容変更になる場合があります)<br>開催場所：おおくまサロンゆっくりすっぺ(大熊町役場会津若松出張所内)<br>対　　象：60歳以上の方ならどなたでも<br>定　　員：20人（先着順）<br>費　　用：500円<br>持 ち 物：汚れてもいい服装、水分<br>申込期限：8月19日(金)まで電話にて<br>問 合 せ：大熊町役場会津若松出張所<br>申し込み：福祉課健康介護係(渡辺・新田),0120-26-3844,965-0873,会津若松市追手町2-41,,20160826,,10:00？12:00
3558,大熊町,イベント情報,,おおちゃん小法師絵付け体験,,37.07966073,140.8406442,内　　容：おおちゃん小法師絵付け体験<br>開催場所：大熊町役場いわき出張所 2 階　多目的ホール<br>対　　象：大熊町、富岡町、双葉町、浪江町の65歳以上の方(ただし同伴者は年齢不問)<br>定　　員：20人(大熊町10人程度、他町10人程度)<br>費　　用：無料<br>持 ち 物：汚れてもいい服装、水分<br>申込方法：電話にて<br>申込期限：8月19円(金)まで<br>問 合 せ：大熊町役場いわき出張所  大熊町地域包括支援センター(花房、浜本),0120-26-5671,970-1144,いわき市好間工業団地1-43,,20160823,,13：15～15：00
3559,大熊町,イベント情報,,第２回シルバークッキング,,37.00802717,140.8475697,内　　容：夏の疲れを取るメニュー<br>開催場所：常磐共同ガス  ガスワンキッチンスタジオ「ステラ」いわき市常磐湯本町田渡74-7<br>対　　象：誰でも参加可能<br>定　　員：12人（先着順）<br>費　　用：300円<br>持 ち 物：エプロン、三角巾、水分<br>申込方法：電話にて<br>申込期限：8月26円(金)まで<br>問 合 せ：大熊町役場いわき出張所  大熊町地域包括支援センター(花房、浜本),0120-26-5671,,いわき市常磐湯本町田渡74-7,,20160830,,9：45～13：00
3560,大熊町,イベント情報,,新規事業のご案内 ちょこっと力フェ,,37.07971225,140.8406255,内　　容：ちょこつと力フェ<br>開催場所：大熊町役場いわき出張所 2 階<br>問 合 せ：大熊町役場いわき出張所　健康介護課保健衛生係,0120-26-5671,970-1144,いわき市好間工業団地1-43,,20160810,,13：30～15：00
3561,大熊町,イベント情報,,新規事業のご案内 ふらっと力フェ,,37.48984853,139.9281567,内　　容：ちょこつと力フェ<br>開催場所：大熊町役場会津若松出張所 2 階　ほっとルーム<br>問 合 せ：大熊町役場会津若松出張所　福祉課健康介護係,0120-26-3844,965-0873,会津若松市追手町2-41,,20160810,,13：30～15：00
3562,大熊町,イベント情報,,さびないカラダづくり,,37.07972064,140.8406818,内　　容：カラダを動かして気分リフレッシュ(講師：J ヴィレッジフィットネスクラブスタッフ)<br>開催場所：大熊町役場いわき出張所 2 階 多目的ホール<br>対　　象：どなたでも<br>持 ち 物：動きやすい服装と室内履き、水分<br>申込方法：電話で（当円参加も可能）<br>問 合 せ：大熊町役場いわき出張所 健康介護課保健衛生係<br>,0120-26-5671,970-1144,いわき市好間工業団地1-43,,20160825,,10：00～11：30
3563,大熊町,イベント情報,,出前！健康講座,,36.95168143,140.8537656,内　　容：コツ骨実践～栄養士によるお話と試食会～<br>開催場所：いわき市立泉公民館 2 階(いわき市泉町四丁目13-11)<br>対　　象：どなたでも<br>申込方法：電話にて<br>問 合 せ：大熊町役場いわき出張所　健康介護課保健衛生係,0120-26-5671,970-1144,いわき市泉町四丁目13-11,,20160831,,10：00～11：30
3564,大熊町,イベント情報,,子育てひろば,,37.0796864,140.8408105,内　　容：自由遊び、ダンス、絵本の読み聞かせ、身長・体重測定、離乳食や育児について個別相談もできます<br>開催場所：大熊町役場いわき出張所 2 階<br>対　　象：未就学児とその親、祖父母<br>持 ち 物：水分、おむつ等<br>申込方法：不要<br>問 合 せ：大熊町役場いわき出張所　健康介護課保健衛生係,0120-26-5671,970-1144,大熊町役場いわき出張所2階,,20160809,,9：30～11：30
3565,いわき市,イベント情報,,子安観音堂祭典,,37.12795868,140.7174467,子安観音堂でのじゃんがら念仏法要などを行います。,中寺区長 草野様:090-1061-4302,,西福寺(いわき市三和町中寺字宿),,,平成28年８月15日（月）,19時～
3566,大熊町,イベント情報,,子育てひろば,,37.07947139,140.8405852,内　　容：自由遊び、ダンス、絵本の読み聞かせ、身長・体重測定、離乳食や育児について個別相談もできます<br>開催場所：大熊町役場いわき出張所 2 階<br>対　　象：未就学児とその親、祖父母<br>持 ち 物：水分、おむつ等<br>申込方法：不要<br>問 合 せ：大熊町役場いわき出張所　健康介護課保健衛生係,0120-26-5671,970-1144,大熊町役場いわき出張所2階,,20160824,,9：30～11：30
3567,いわき市,イベント情報,,左義長,,36.91153537,140.83463,　左義長は、孟宗竹にくくりつけた藁を燃やす盆送り行事です。昭和59年を最後に途絶えている行事を復活させます。,小浜・岩間地区復興対策協議会事務局:0246-63-2111,,小浜海岸(いわき市小浜町渚),,,平成28年８月16日（火）,盆踊り：19時～<br>左義長：20時～
3568,大熊町,イベント情報,,こころの元気を育てる講座in福島市,,37.76319578,140.4640031,内　　容：布絵づくり～描とう、こころの風景～<br>開催場所：福島市保健福祉センター4階保健指導室(福島市森合町10-1)<br>定　　員：20人<br>費　　用：300円<br>持 ち 物：はさみ<br>申込方法：電話にて<br>申込期限：8月26日(金)まで<br>問 合 せ：大熊町役場会津若松出張所　福祉課健康介護係,,,福島市森合町l 0- 1,,20160902,,10:00～12:00
3570,いわき市,イベント情報,,仮装盆踊り＆花火大会,,37.01028115,140.8454898,　いわき湯本温泉では、予てより毎年8月の盆の時期に各地区の青年会が工夫を凝らした仮装をして集まり、祖先を偲びながら踊り明かしておりました。現在は一般の応募者（団体）による趣向を凝らした仮装が繰り広げられます。,いわき湯本温泉観光協会:0246-42-4322,,温泉通り(いわき市常磐湯本町三函),,,平成28年８月17日（水）,18時～20時30分
3571,いわき市,イベント情報,,ビーチフラッグフットボール体験会,,37.10431853,140.9922212,　フラッグフットボールの普及活動の一環として、海・ビーチという自然の中で同体験会を開催します。<br>　※参加者は要申込み,,,四倉海岸(いわき市四倉町),,,平成28年８月20日（土）,９時～13時
3572,大熊町,イベント情報,,大熊町長杯パークゴルフ大会,,37.64908295,139.9551344,"内　　容：町民の健康維持と愛好者相互の交流、復興の活力となる事を目的として開催する<br>主　　催：大熊町・大熊町教育委員会<br>開催場所：「北塩原グランデコリゾート」パークゴルフ場<br>対　　象：大熊町パークゴルフ愛好者<br>表　　彰：男女別、優勝から3位賞状賞品、4,5位賞品、特別賞他<br>費　　用：1,500円(ﾌﾟﾚｰ費、昼食費、傷害保険料等)受付時納入<br>持ち物①：野外スポーツにふさわしい着衣、底の平らな運動靴<br>持ち物②：用具(クラブ、ボール)等は、各自持参<br>申込期限：8月17日(水)午後5時まで<br>申込み①：教育総務課 TEL 0120-26-3844 FAX 0242-26-3786<br>申込み②：いわき出張所 TEL 0120-26-5671<br>申込み③：中通り連絡事務所 TEL 0120-24-1013<br>問 合 せ：大熊町役場会津若松出張所 教育総務課<br>",,,,,20160827,,受付8：30<br>開会式8：40<br>競技始9：00<br>閉会式13：00<br>(小雨決行)
3573,いわき市,イベント情報,,アートミーティング　クロージングセレモニー,,36.94507506,140.6540545,映画上映、ダンス等のパフォーマンス、作家によるトークセッション、地元保存会による三匹獅子舞の披露などが行われます。,田人地域振興協議会事務局(田人支所):0246-69-2111,,田人二小(いわき市田人町旅人字和再松木平４),,,平成28年８月20日（土）,13時～18時
3574,いわき市,イベント情報,,夏井川流灯花火大会,,37.05736369,140.9041429,水難事故で亡くなった児童、夏井川に関する工事などの犠牲者の方々の霊を供養したことが始まりとされているこのお祭りは、90年以上続く伝統のお祭りです。<br>,夏井川流灯花火大会実行委員会:090-7791-0201,,夏井川河川敷(いわき市平鎌田町),,,平成28年８月20日(土),流灯：18時～20時30分<br>花火：19時45分～20時30分
3575,いわき市,イベント情報,,不動尊祭典（田人町黒田不動尊）,,36.96854977,140.7042669,棒術、獅子舞、念仏太鼓を奉納します。,上黒田区長 松原様:0246-69-2443,,別当不動尊及び満照寺境内(いわき市田人町黒田別当50),,,平成28年８月27日（土）,17時～
3576,いわき市,イベント情報,,薬師尊祭典,,36.95179246,140.6997586,　五穀豊穣と区民の無病息災を願い、三匹獅子舞、棒術、念仏太鼓を奉納します。,出旅人区長 油座様:0246-69-2459,,旅人薬師尊境内(いわき市田人町旅人上平石69),,,平成28年８月27日（土）,18時～
3577,いわき市,イベント情報,,成田山盆踊り大会,,37.0118314,140.8453927,盆踊り、出店など。,いわき湯本温泉観光協会:0246-42-4322）,,成田山境内(いわき市常磐湯本町三函303),,,平成28年８月27日（土）,18時30分～21時
3578,いわき市,イベント情報,,サウンドイルミネーション,,37.10752199,140.9931561,イルミネーションの点灯に合わせて、ステージでフラダンスチームのイベントも開催します。（19：30～20：00）,サウンドイルミネーション実行委員会事務局:0246-88-1703,,道の駅よつくら港(いわき市四倉町５丁目),,,平成28年８月27日（土）～28日（日）,19時～21時
3579,いわき市,イベント情報,,生きいき交流区民盆踊り大会,,37.10111895,140.7765752,盆踊り、出店など。,合戸区長 合津様:0246-87-2036,,密蔵院光福寺(いわき市三和町合戸字内畑35),,,平成28年８月27日（土）,19時～
3580,いわき市,イベント情報,,元気祭り,,37.1406082,140.6881382,毎月、テーマを決めて実施している三和町ふれあい市場のイベント。様々な特典を準備しております。,三和町ふれあい市場:0246-97-3566,,三和町ふれあい広場(いわき市三和町下市萱竹ノ内210),,,平成28年８月28日（日）,イベント：９時30分～12時<br>営業時間：９時～17時30分
3581,いわき市,イベント情報,,閼伽井嶽常福寺　夏大祭「柴燈大護摩」宵祭り,,37.09519453,140.8105152,　多宝塔にて抹茶による接待が行われ、日没近くには参道にろうそくの明かりを灯す「万燈会」とじゃんがら念仏踊が披露されます。,赤井嶽薬師常福寺:0246-36-2161,,閼伽井嶽常福寺(いわき市平赤井字赤井岳1),,,,
3583,いわき市,イベント情報,,アートミーティング　田人の森に遊ぶ　2016展,,36.94515258,140.6534061,　田人町内をキャンバスに見立てた地域回遊型の野外美術展覧会を開催します。,田人地域振興協議会事務局(田人支所):0246-69-2111,,旧田人第二小学校、南大平分校、他田人町内,,,平成28年７月30日（土）～８月20日（土）,９時～17時
3585,いわき市,イベント情報,,アートミーティング　パフォーマンス＆ワークショップ,,36.94495399,140.6543097,ダンス等のパフォーマーによるパフォーマンスとワークショップなどを開催します。,田人地域振興協議会事務局(田人支所):0246-69-2111,,旧田人第二小学校など,,,平成28年８月６日（土）13時～17時<br>　　　　８月13日（土）11時～、14時～、16時30分～<br>　　　　８月14日（日）11時～17時,
9999,郡山市,イベント情報,個人イベント,路上ライブ,,37.398300,140.387812,,,,,20161112,2016年11月12日　1時間,